[{"id":"a70335ad-a76d-48d5-8003-fee217cbc4fe","imageName":"nestea.jpg","groceryName":"Nestea","metroUrl":"https://www.metro.ca/en/online-grocery/aisles/beverages/soft-drinks/iced-tea/lemon-flavoured-iced-tea/p/083900006365"},{"id":"56ecda7c-7b12-48d5-9c44-c93fb8cf2bb1","imageName":"bean.jpg","groceryName":"Beans","metroUrl":"hhttps://www.metro.ca/en/online-grocery/aisles/fruits-vegetables/vegetables/peas-beans-corn/organic-green-beans/p/673750149512"},{"id":"d312366b-4caa-4eef-808f-6acbe86934e5","imageName":"rice.jpg","groceryName":"Rice","metroUrl":"https://www.metro.ca/en/online-grocery/aisles/pantry/pasta-rice-beans/rice/basmati-rice/p/059749952002"},{"id":"254a7eb6-3da7-4ec0-b8f0-42e2a505fb79","imageName":"curd.jpg","groceryName":"yogurt","metroUrl":"https://www.metro.ca/en/online-grocery/aisles/dairy-eggs/yogurt/drinkable-yogurts/1-strawberry-flavoured-organic-drinkable-yogurt/p/068200162508"},{"id":"7477266f-f306-4c72-84e1-cde5316d80e3","groceryName":"Canada Dry","metroUrl":"https://www.metro.ca/en/online-grocery/aisles/beverages/soft-drinks/ginger-ale/ginger-ale/p/062100008935","imageName":"canada-dry.jpg"}]